Product ID,Source Folder / Shoot,Suggested Category,Suggested Product Title,Primary Image (Front View),Additional Angle Images (Side/Detail),Total Views,TAG NO (Enter Real Tag Here),GROSS WEIGHT in Grams (Enter Here),NET GOLD WEIGHT in Grams (Enter Here),PRICE in USD (Optional / Auto-calculated),PURITY / MATERIAL (Default: 22k Gold),NOTES / REMARKS
shas-uncat-001,27-8,Earrings,Temple Filigree Earrings #2372,dsc02372.jpg,"dsc02373.jpg, dsc02374.jpg",3,,,,,22k Hallmarked Gold,Ready for real inventory data entry
shas-uncat-002,27-8,Bracelets,Handcrafted Gold Bracelet #2378,dsc02378.jpg,"dsc02379.jpg, dsc02380.jpg, dsc02381.jpg",4,,,,,22k Hallmarked Gold,Ready for real inventory data entry
shas-uncat-003,27-8,Bangles,Royal Gold Bangle #2386,dsc02386.jpg,"dsc02387.jpg, dsc02388.jpg, dsc02389.jpg, dsc02390.jpg, dsc02391.jpg",6,,,,,22k Hallmarked Gold,Ready for real inventory data entry
shas-uncat-004,27-8,Earrings,Temple Filigree Earrings #2397,dsc02397.jpg,None (Single shot),1,,,,,22k Hallmarked Gold,Ready for real inventory data entry
shas-uncat-005,27-8,Necklaces,Artisanal Heritage Necklace #2410,dsc02410.jpg,dsc02411.jpg,2,,,,,22k Hallmarked Gold,Ready for real inventory data entry
shas-uncat-006,27-8,Necklaces,Artisanal Heritage Necklace #2420,dsc02420.jpg,"dsc02421.jpg, dsc02423.jpg, dsc02425.jpg, dsc02426.jpg",5,,,,,22k Hallmarked Gold,Ready for real inventory data entry
shas-uncat-007,27-8,Bracelets,Handcrafted Gold Bracelet #2433,dsc02433.jpg,"dsc02434.jpg, dsc02435.jpg, dsc02436.jpg, dsc02438.jpg",5,,,,,22k Hallmarked Gold,Ready for real inventory data entry
shas-uncat-008,27-8,Rings,Classic Sovereign Ring #2469,dsc02469.jpg,dsc02470.jpg,2,,,,,22k Hallmarked Gold,Ready for real inventory data entry
shas-uncat-009,27-8,Rings,Classic Sovereign Ring #2479,dsc02479.jpg,None (Single shot),1,,,,,22k Hallmarked Gold,Ready for real inventory data entry
shas-uncat-010,27-8,Rings,Classic Sovereign Ring #2509,dsc02509.jpg,None (Single shot),1,,,,,22k Hallmarked Gold,Ready for real inventory data entry
shas-uncat-011,31-8,Bangles,Royal Gold Bangle #2526,dsc02526.jpg,dsc02527.jpg,2,,,,,22k Hallmarked Gold,Ready for real inventory data entry
shas-uncat-012,31-8,Earrings,Temple Filigree Earrings #2537,dsc02537.jpg,dsc02538.jpg,2,,,,,22k Hallmarked Gold,Ready for real inventory data entry
shas-uncat-013,31-8,Rings,Classic Sovereign Ring #2544,dsc02544.jpg,None (Single shot),1,,,,,22k Hallmarked Gold,Ready for real inventory data entry
shas-uncat-014,31-8,Bangles,Royal Gold Bangle #2581,dsc02581.jpg,None (Single shot),1,,,,,22k Hallmarked Gold,Ready for real inventory data entry
shas-uncat-015,31-8,Bracelets,Handcrafted Gold Bracelet #2653,dsc02653.jpg,None (Single shot),1,,,,,22k Hallmarked Gold,Ready for real inventory data entry
shas-uncat-016,31-8,Rings,Classic Sovereign Ring #2684,dsc02684.jpg,None (Single shot),1,,,,,22k Hallmarked Gold,Ready for real inventory data entry
shas-uncat-017,31-8,Necklaces,Artisanal Heritage Necklace #2730,dsc02730.jpg,dsc02731.jpg,2,,,,,22k Hallmarked Gold,Ready for real inventory data entry
shas-uncat-018,31-8,Rings,Classic Sovereign Ring #2784,dsc02784.jpg,dsc02785.jpg,2,,,,,22k Hallmarked Gold,Ready for real inventory data entry
shas-uncat-019,31-8,Necklaces,Artisanal Heritage Necklace #2835,dsc02835.jpg,None (Single shot),1,,,,,22k Hallmarked Gold,Ready for real inventory data entry
shas-uncat-020,31-8,Necklaces,Artisanal Heritage Necklace #2845,dsc02845.jpg,dsc02846.jpg,2,,,,,22k Hallmarked Gold,Ready for real inventory data entry
shas-uncat-021,31-8,Earrings,Temple Filigree Earrings #2852,dsc02852.jpg,"dsc02853.jpg, dsc02854.jpg, dsc02855.jpg",4,,,,,22k Hallmarked Gold,Ready for real inventory data entry
shas-uncat-022,Bangle,Bangles,Royal Gold Bangle #1834,dsc01834.jpg,"dsc01835.jpg, dsc01836.jpg, dsc01837.jpg",4,,,,,22k Hallmarked Gold,Ready for real inventory data entry
shas-uncat-023,Bangle,Bangles,Royal Gold Bangle #1840,dsc01840.jpg,"dsc01841.jpg, dsc01842.jpg",3,,,,,22k Hallmarked Gold,Ready for real inventory data entry
shas-uncat-024,Day 3,Necklaces,Artisanal Heritage Necklace #1995,dsc01995.jpg,None (Single shot),1,,,,,22k Hallmarked Gold,Ready for real inventory data entry
shas-uncat-025,Day 3,Earrings,Temple Filigree Earrings #2017,dsc02017.jpg,"dsc02018.jpg, dsc02019.jpg, dsc02021.jpg",4,,,,,22k Hallmarked Gold,Ready for real inventory data entry
shas-uncat-026,Day 3,Earrings,Temple Filigree Earrings #2042,dsc02042.jpg,"dsc02044.jpg, dsc02045.jpg, dsc02046.jpg, dsc02047.jpg, dsc02049.jpg",6,,,,,22k Hallmarked Gold,Ready for real inventory data entry
shas-uncat-027,Day 3,Necklaces,Artisanal Heritage Necklace #2055,dsc02055.jpg,"dsc02056.jpg, dsc02058.jpg, dsc02059.jpg, dsc02060.jpg",5,,,,,22k Hallmarked Gold,Ready for real inventory data entry
shas-uncat-028,Day 3,Bracelets,Handcrafted Gold Bracelet #2063,dsc02063.jpg,"dsc02064.jpg, dsc02065.jpg, dsc02066.jpg, dsc02067.jpg, dsc02068.jpg, dsc02069.jpg, dsc02070.jpg",8,,,,,22k Hallmarked Gold,Ready for real inventory data entry
shas-uncat-029,Day 3,Bracelets,Handcrafted Gold Bracelet #2073,dsc02073.jpg,"dsc02074.jpg, dsc02075.jpg, dsc02077.jpg, dsc02078.jpg, dsc02080.jpg, dsc02081.jpg, dsc02082.jpg, dsc02083.jpg, dsc02085.jpg, dsc02086.jpg, dsc02087.jpg, dsc02088.jpg, dsc02090.jpg, dsc02091.jpg, dsc02092.jpg, dsc02093.jpg, dsc02094.jpg, dsc02095.jpg, dsc02096.jpg, dsc02097.jpg, dsc02099.jpg, dsc02100.jpg, dsc02101.jpg, dsc02102.jpg",25,,,,,22k Hallmarked Gold,Ready for real inventory data entry
shas-uncat-030,Day 3,Necklaces,Artisanal Heritage Necklace #2105,dsc02105.jpg,"dsc02106.jpg, dsc02107.jpg, dsc02108.jpg, dsc02109.jpg, dsc02110.jpg",6,,,,,22k Hallmarked Gold,Ready for real inventory data entry
shas-uncat-031,Day 3,Bangles,Royal Gold Bangle #2116,dsc02116.jpg,"dsc02117.jpg, dsc02118.jpg, dsc02119.jpg",4,,,,,22k Hallmarked Gold,Ready for real inventory data entry
shas-uncat-032,Day 3,Bracelets,Handcrafted Gold Bracelet #2123,dsc02123.jpg,dsc02124.jpg,2,,,,,22k Hallmarked Gold,Ready for real inventory data entry
shas-uncat-033,Day 3,Rings,Classic Sovereign Ring #2134,dsc02134.jpg,dsc02135.jpg,2,,,,,22k Hallmarked Gold,Ready for real inventory data entry
shas-uncat-034,Day 3,Bangles,Royal Gold Bangle #2141,dsc02141.jpg,"dsc02142.jpg, dsc02143.jpg",3,,,,,22k Hallmarked Gold,Ready for real inventory data entry
shas-uncat-035,Day 3,Rings,Classic Sovereign Ring #2149,dsc02149.jpg,dsc02150.jpg,2,,,,,22k Hallmarked Gold,Ready for real inventory data entry
shas-uncat-036,Day 3,Necklaces,Artisanal Heritage Necklace #2155,dsc02155.jpg,"dsc02156.jpg, dsc02157.jpg",3,,,,,22k Hallmarked Gold,Ready for real inventory data entry
shas-uncat-037,Day 3,Necklaces,Artisanal Heritage Necklace #2160,dsc02160.jpg,"dsc02161.jpg, dsc02162.jpg, dsc02163.jpg, dsc02165.jpg, dsc02166.jpg",6,,,,,22k Hallmarked Gold,Ready for real inventory data entry
shas-uncat-038,Day 3,Earrings,Temple Filigree Earrings #2172,dsc02172.jpg,None (Single shot),1,,,,,22k Hallmarked Gold,Ready for real inventory data entry
shas-uncat-039,Day 3,Necklaces,Artisanal Heritage Necklace #2175,dsc02175.jpg,"dsc02176.jpg, dsc02177.jpg, dsc02179.jpg, dsc02180.jpg, dsc02182.jpg, dsc02183.jpg, dsc02184.jpg, dsc02185.jpg, dsc02186.jpg, dsc02187.jpg",11,,,,,22k Hallmarked Gold,Ready for real inventory data entry
shas-uncat-040,Day 3,Bracelets,Handcrafted Gold Bracelet #2198,dsc02198.jpg,dsc02199.jpg,2,,,,,22k Hallmarked Gold,Ready for real inventory data entry
shas-uncat-041,Day 3,Bracelets,Handcrafted Gold Bracelet #2203,dsc02203.jpg,dsc02204.jpg,2,,,,,22k Hallmarked Gold,Ready for real inventory data entry
shas-uncat-042,Day 3,Bangles,Royal Gold Bangle #2211,dsc02211.jpg,dsc02212.jpg,2,,,,,22k Hallmarked Gold,Ready for real inventory data entry
shas-uncat-043,Day 3,Bangles,Royal Gold Bangle #2216,dsc02216.jpg,dsc02217.jpg,2,,,,,22k Hallmarked Gold,Ready for real inventory data entry
shas-uncat-044,Day 3,Bangles,Royal Gold Bangle #2221,dsc02221.jpg,dsc02222.jpg,2,,,,,22k Hallmarked Gold,Ready for real inventory data entry
shas-uncat-045,Day 3,Earrings,Temple Filigree Earrings #2227,dsc02227.jpg,"dsc02228.jpg, dsc02229.jpg, dsc02230.jpg, dsc02231.jpg",5,,,,,22k Hallmarked Gold,Ready for real inventory data entry
shas-uncat-046,Day 3,Earrings,Temple Filigree Earrings #2237,dsc02237.jpg,"dsc02238.jpg, dsc02240.jpg, dsc02241.jpg, dsc02242.jpg, dsc02243.jpg",6,,,,,22k Hallmarked Gold,Ready for real inventory data entry
shas-uncat-047,Day 3,Rings,Classic Sovereign Ring #2249,dsc02249.jpg,dsc02250.jpg,2,,,,,22k Hallmarked Gold,Ready for real inventory data entry
shas-uncat-048,Day 3,Rings,Classic Sovereign Ring #2254,dsc02254.jpg,dsc02255.jpg,2,,,,,22k Hallmarked Gold,Ready for real inventory data entry
shas-uncat-049,Day 3,Bracelets,Handcrafted Gold Bracelet #2258,dsc02258.jpg,"dsc02259.jpg, dsc02260.jpg, dsc02261.jpg",4,,,,,22k Hallmarked Gold,Ready for real inventory data entry
shas-uncat-050,Day 3,Rings,Classic Sovereign Ring #2264,dsc02264.jpg,"dsc02265.jpg, dsc02266.jpg, dsc02267.jpg",4,,,,,22k Hallmarked Gold,Ready for real inventory data entry
shas-uncat-051,Heavy and medium neck piece in gold,Necklaces,Artisanal Heritage Necklace #1573,dsc01573.jpg,None (Single shot),1,,,,,22k Hallmarked Gold,Ready for real inventory data entry
shas-uncat-052,Heavy and medium neck piece in gold,Necklaces,Artisanal Heritage Necklace #1585,dsc01585.jpg,dsc01586.jpg,2,,,,,22k Hallmarked Gold,Ready for real inventory data entry
shas-uncat-053,Heavy and medium neck piece in gold,Necklaces,Artisanal Heritage Necklace #1589,dsc01589.jpg,dsc01591.jpg,2,,,,,22k Hallmarked Gold,Ready for real inventory data entry
shas-uncat-054,Heavy and medium neck piece in gold,Necklaces,Artisanal Heritage Necklace #1626,dsc01626.jpg,dsc01627.jpg,2,,,,,22k Hallmarked Gold,Ready for real inventory data entry
shas-uncat-055,Heavy and medium neck piece in gold,Necklaces,Artisanal Heritage Necklace #1659,dsc01659.jpg,"dsc01660.jpg, dsc01662.jpg, dsc01663.jpg",4,,,,,22k Hallmarked Gold,Ready for real inventory data entry
shas-uncat-056,Jewellery,Necklaces,Artisanal Heritage Necklace #9642,dsc09642.jpg,"dsc09643.jpg, dsc09645.jpg",3,,,,,22k Hallmarked Gold,Ready for real inventory data entry
shas-uncat-057,Jewellery,Necklaces,Artisanal Heritage Necklace #9652,dsc09652.jpg,dsc09653.jpg,2,,,,,22k Hallmarked Gold,Ready for real inventory data entry
shas-uncat-058,Jewellery,Necklaces,Artisanal Heritage Necklace #9657,dsc09657.jpg,None (Single shot),1,,,,,22k Hallmarked Gold,Ready for real inventory data entry
shas-uncat-059,Jewellery,Necklaces,Artisanal Heritage Necklace #9660,dsc09660.jpg,None (Single shot),1,,,,,22k Hallmarked Gold,Ready for real inventory data entry
shas-uncat-060,Jewellery,Necklaces,Artisanal Heritage Necklace #9664,dsc09664.jpg,None (Single shot),1,,,,,22k Hallmarked Gold,Ready for real inventory data entry
shas-uncat-061,Jewellery,Necklaces,Artisanal Heritage Necklace #9667,dsc09667.jpg,dsc09669.jpg,2,,,,,22k Hallmarked Gold,Ready for real inventory data entry
shas-uncat-062,Jewellery,Necklaces,Artisanal Heritage Necklace #9674,dsc09674.jpg,dsc09676.jpg,2,,,,,22k Hallmarked Gold,Ready for real inventory data entry
shas-uncat-063,Jewellery,Necklaces,Artisanal Heritage Necklace #9680,dsc09680.jpg,"dsc09682.jpg, dsc09684.jpg",3,,,,,22k Hallmarked Gold,Ready for real inventory data entry
shas-uncat-064,Jewellery,Necklaces,Artisanal Heritage Necklace #9692,dsc09692.jpg,"dsc09693.jpg, dsc09694.jpg, dsc09696.jpg, dsc09697.jpg, dsc09698.jpg",6,,,,,22k Hallmarked Gold,Ready for real inventory data entry
shas-uncat-065,Jewellery,Earrings,Temple Filigree Earrings #9701,dsc09701.jpg,None (Single shot),1,,,,,22k Hallmarked Gold,Ready for real inventory data entry
shas-uncat-066,Jewellery,Earrings,Temple Filigree Earrings #9705,dsc09705.jpg,"dsc09707.jpg, dsc09709.jpg",3,,,,,22k Hallmarked Gold,Ready for real inventory data entry
shas-uncat-067,Jewellery,Earrings,Temple Filigree Earrings #9715,dsc09715.jpg,dsc09717.jpg,2,,,,,22k Hallmarked Gold,Ready for real inventory data entry
shas-uncat-068,Jewellery,Earrings,Temple Filigree Earrings #9720,dsc09720.jpg,None (Single shot),1,,,,,22k Hallmarked Gold,Ready for real inventory data entry
shas-uncat-069,Jewellery,Earrings,Temple Filigree Earrings #9723,dsc09723.jpg,dsc09725.jpg,2,,,,,22k Hallmarked Gold,Ready for real inventory data entry
shas-uncat-070,Jewellery,Earrings,Temple Filigree Earrings #9729,dsc09729.jpg,dsc09731.jpg,2,,,,,22k Hallmarked Gold,Ready for real inventory data entry
shas-uncat-071,Jewellery,Earrings,Temple Filigree Earrings #9734,dsc09734.jpg,dsc09735.jpg,2,,,,,22k Hallmarked Gold,Ready for real inventory data entry
shas-uncat-072,Jewellery,Earrings,Temple Filigree Earrings #9740,dsc09740.jpg,None (Single shot),1,,,,,22k Hallmarked Gold,Ready for real inventory data entry
shas-uncat-073,Jewellery,Earrings,Temple Filigree Earrings #9743,dsc09743.jpg,None (Single shot),1,,,,,22k Hallmarked Gold,Ready for real inventory data entry
shas-uncat-074,Jewellery,Earrings,Temple Filigree Earrings #9746,dsc09746.jpg,"dsc09748.jpg, dsc09750.jpg",3,,,,,22k Hallmarked Gold,Ready for real inventory data entry
shas-uncat-075,Jewellery,Necklaces,Artisanal Heritage Necklace #9753,dsc09753.jpg,None (Single shot),1,,,,,22k Hallmarked Gold,Ready for real inventory data entry
shas-uncat-076,Jewellery,Necklaces,Artisanal Heritage Necklace #9756,dsc09756.jpg,None (Single shot),1,,,,,22k Hallmarked Gold,Ready for real inventory data entry
shas-uncat-077,Jewellery,Necklaces,Artisanal Heritage Necklace #9759,dsc09759.jpg,dsc09761.jpg,2,,,,,22k Hallmarked Gold,Ready for real inventory data entry
shas-uncat-078,Jewellery,Necklaces,Artisanal Heritage Necklace #9765,dsc09765.jpg,dsc09767.jpg,2,,,,,22k Hallmarked Gold,Ready for real inventory data entry
shas-uncat-079,Jewellery,Necklaces,Artisanal Heritage Necklace #9770,dsc09770.jpg,dsc09772.jpg,2,,,,,22k Hallmarked Gold,Ready for real inventory data entry
shas-uncat-080,Jewellery,Necklaces,Artisanal Heritage Necklace #9776,dsc09776.jpg,"dsc09777.jpg, dsc09779.jpg, dsc09780.jpg",4,,,,,22k Hallmarked Gold,Ready for real inventory data entry
shas-uncat-081,Jewellery,Necklaces,Artisanal Heritage Necklace #9783,dsc09783.jpg,dsc09784.jpg,2,,,,,22k Hallmarked Gold,Ready for real inventory data entry
shas-uncat-082,Jewellery,Necklaces,Artisanal Heritage Necklace #9787,dsc09787.jpg,"dsc09788.jpg, dsc09789.jpg, dsc09791.jpg",4,,,,,22k Hallmarked Gold,Ready for real inventory data entry
shas-uncat-083,Jewellery,Necklaces,Artisanal Heritage Necklace #9795,dsc09795.jpg,None (Single shot),1,,,,,22k Hallmarked Gold,Ready for real inventory data entry
shas-uncat-084,Jewellery,Necklaces,Artisanal Heritage Necklace #9799,dsc09799.jpg,None (Single shot),1,,,,,22k Hallmarked Gold,Ready for real inventory data entry
shas-uncat-085,Jewellery,Bangles,Royal Gold Bangle #9803,dsc09803.jpg,"dsc09804.jpg, dsc09805.jpg",3,,,,,22k Hallmarked Gold,Ready for real inventory data entry
shas-uncat-086,Jewellery,Bangles,Royal Gold Bangle #9808,dsc09808.jpg,None (Single shot),1,,,,,22k Hallmarked Gold,Ready for real inventory data entry
shas-uncat-087,Jewellery,Bangles,Royal Gold Bangle #9813,dsc09813.jpg,"dsc09815.jpg, dsc09816.jpg",3,,,,,22k Hallmarked Gold,Ready for real inventory data entry
shas-uncat-088,Jewellery,Bangles,Royal Gold Bangle #9822,dsc09822.jpg,"dsc09823.jpg, dsc09824.jpg",3,,,,,22k Hallmarked Gold,Ready for real inventory data entry
shas-uncat-089,Jewellery,Bangles,Royal Gold Bangle #9828,dsc09828.jpg,dsc09830.jpg,2,,,,,22k Hallmarked Gold,Ready for real inventory data entry
shas-uncat-090,Jewellery,Bangles,Royal Gold Bangle #9833,dsc09833.jpg,dsc09835.jpg,2,,,,,22k Hallmarked Gold,Ready for real inventory data entry
shas-uncat-091,Jewellery,Bangles,Royal Gold Bangle #9838,dsc09838.jpg,dsc09839.jpg,2,,,,,22k Hallmarked Gold,Ready for real inventory data entry
shas-uncat-092,Jewellery,Bangles,Royal Gold Bangle #9844,dsc09844.jpg,"dsc09846.jpg, dsc09847.jpg, dsc09848.jpg",4,,,,,22k Hallmarked Gold,Ready for real inventory data entry
shas-uncat-093,Jewellery,Rings,Classic Sovereign Ring #9852,dsc09852.jpg,"dsc09854.jpg, dsc09855.jpg",3,,,,,22k Hallmarked Gold,Ready for real inventory data entry
shas-uncat-094,Jewellery,Rings,Classic Sovereign Ring #9858,dsc09858.jpg,"dsc09860.jpg, dsc09862.jpg, dsc09863.jpg, dsc09864.jpg",5,,,,,22k Hallmarked Gold,Ready for real inventory data entry
shas-uncat-095,Jewellery,Rings,Classic Sovereign Ring #9867,dsc09867.jpg,None (Single shot),1,,,,,22k Hallmarked Gold,Ready for real inventory data entry
shas-uncat-096,Jewellery,Rings,Classic Sovereign Ring #9872,dsc09872.jpg,None (Single shot),1,,,,,22k Hallmarked Gold,Ready for real inventory data entry
shas-uncat-097,Jewellery,Rings,Classic Sovereign Ring #9876,dsc09876.jpg,"dsc09878.jpg, dsc09879.jpg",3,,,,,22k Hallmarked Gold,Ready for real inventory data entry
shas-uncat-098,Jewellery,Rings,Classic Sovereign Ring #9882,dsc09882.jpg,"dsc09883.jpg, dsc09884.jpg",3,,,,,22k Hallmarked Gold,Ready for real inventory data entry
shas-uncat-099,Jewellery,Rings,Classic Sovereign Ring #9887,dsc09887.jpg,None (Single shot),1,,,,,22k Hallmarked Gold,Ready for real inventory data entry
shas-uncat-100,Jewellery,Rings,Classic Sovereign Ring #9890,dsc09890.jpg,None (Single shot),1,,,,,22k Hallmarked Gold,Ready for real inventory data entry
shas-uncat-101,Jewellery,Rings,Classic Sovereign Ring #9894,dsc09894.jpg,dsc09896.jpg,2,,,,,22k Hallmarked Gold,Ready for real inventory data entry
shas-uncat-102,Jewellery,Rings,Classic Sovereign Ring #9899,dsc09899.jpg,dsc09901.jpg,2,,,,,22k Hallmarked Gold,Ready for real inventory data entry
shas-uncat-103,Jewellery,Necklaces,Artisanal Heritage Necklace #9905,dsc09905.jpg,None (Single shot),1,,,,,22k Hallmarked Gold,Ready for real inventory data entry
shas-uncat-104,Jewellery,Necklaces,Artisanal Heritage Necklace #9908,dsc09908.jpg,None (Single shot),1,,,,,22k Hallmarked Gold,Ready for real inventory data entry
shas-uncat-105,Jewellery,Necklaces,Artisanal Heritage Necklace #9911,dsc09911.jpg,"dsc09912.jpg, dsc09913.jpg, dsc09915.jpg, dsc09917.jpg",5,,,,,22k Hallmarked Gold,Ready for real inventory data entry
shas-uncat-106,Jewellery,Necklaces,Artisanal Heritage Necklace #9920,dsc09920.jpg,"dsc09921.jpg, dsc09923.jpg, dsc09924.jpg",4,,,,,22k Hallmarked Gold,Ready for real inventory data entry
shas-uncat-107,Jewellery,Necklaces,Artisanal Heritage Necklace #9927,dsc09927.jpg,dsc09928.jpg,2,,,,,22k Hallmarked Gold,Ready for real inventory data entry
shas-uncat-108,Kada,Kadas,Royal Antique Kada #1746,dsc01746.jpg,dsc01747.jpg,2,,,,,22k Hallmarked Gold,Ready for real inventory data entry
shas-uncat-109,Kada,Kadas,Royal Antique Kada #1763,dsc01763.jpg,dsc01764.jpg,2,,,,,22k Hallmarked Gold,Ready for real inventory data entry
shas-uncat-110,Kada,Kadas,Royal Antique Kada #1771,dsc01771.jpg,dsc01773.jpg,2,,,,,22k Hallmarked Gold,Ready for real inventory data entry
shas-uncat-111,Kada,Kadas,Royal Antique Kada #1778,dsc01778.jpg,dsc01780.jpg,2,,,,,22k Hallmarked Gold,Ready for real inventory data entry
shas-uncat-112,Kada,Kadas,Royal Antique Kada #1798,dsc01798.jpg,None (Single shot),1,,,,,22k Hallmarked Gold,Ready for real inventory data entry
shas-uncat-113,Kada,Kadas,Royal Antique Kada #1804,dsc01804.jpg,"dsc01806.jpg, dsc01807.jpg",3,,,,,22k Hallmarked Gold,Ready for real inventory data entry
